{
   "0 0": 0.3176054965292671,
   "1 1": 0.34703874540870877,
   "2 2": 0.3785783943814645,
   "3 3": 0.41252814019831696,
   "4 4": 0.44315914420898417,
   "5 5": 0.47799292279469646,
   "6 6": 0.512215822372117,
   "7 7": 0.5506044290325272,
   "8 8": 0.5872957772331319,
   "9 9": 0.622496785814756,
   "10 10": 0.6598421236099822,
   "11 11": 0.6977495937827628,
   "12 12": 0.7415746399126655,
   "12 11 s": 0.5156600019529023,
   "12 10 s": 0.5057668864994642,
   "12 9 s": 0.49358975949064043,
   "12 8 s": 0.48172553576168703,
   "12 7 s": 0.4573242570721073,
   "12 6 s": 0.4461014999984307,
   "12 5 s": 0.43655223644827285,
   "12 4 s": 0.4235398396074269,
   "12 3 s": 0.4263707497325523,
   "12 2 s": 0.4170468937283737,
   "12 1 s": 0.40882604064079464,
   "12 0 s": 0.3987625974151149,
   "11 10 s": 0.4801342995957717,
   "11 9 s": 0.4679891254445653,
   "11 8 s": 0.45851083698706974,
   "11 7 s": 0.43574645201525136,
   "11 6 s": 0.41034908235050566,
   "11 5 s": 0.403594147018928,
   "11 4 s": 0.39250612510903915,
   "11 3 s": 0.3843541927042755,
   "11 2 s": 0.37367077647394653,
   "11 1 s": 0.36635046935053167,
   "11 0 s": 0.35829448787506735,
   "10 9 s": 0.45130801597943493,
   "10 8 s": 0.44128033421080815,
   "10 7 s": 0.4144945565107606,
   "10 6 s": 0.3932729066328159,
   "10 5 s": 0.37611372627210204,
   "10 4 s": 0.365934433517537,
   "10 3 s": 0.3581317313477751,
   "10 2 s": 0.3498715500898473,
   "10 1 s": 0.34193503958727356,
   "10 0 s": 0.33366911819083633,
   "9 8 s": 0.43075651583704355,
   "9 7 s": 0.40532408919923507,
   "9 6 s": 0.3820067940570564,
   "9 5 s": 0.36180666396426087,
   "9 4 s": 0.3407910971389253,
   "9 3 s": 0.33551839974355724,
   "9 2 s": 0.3271844136779427,
   "9 1 s": 0.32106192125265576,
   "9 0 s": 0.31307997055553116,
   "8 7 s": 0.39412235038904886,
   "8 6 s": 0.37430202883470126,
   "8 5 s": 0.3531088877737705,
   "8 4 s": 0.3346365621596434,
   "8 3 s": 0.31444755110682837,
   "8 2 s": 0.3079712610983125,
   "8 1 s": 0.30232324006942624,
   "8 0 s": 0.2945246259956606,
   "7 6 s": 0.36698037727764965,
   "7 5 s": 0.34715305034445043,
   "7 4 s": 0.329034186745232,
   "7 3 s": 0.3110853524519806,
   "7 2 s": 0.292872713998094,
   "7 1 s": 0.28532671781193825,
   "7 0 s": 0.2774250931276305,
   "6 5 s": 0.3449443813610626,
   "6 4 s": 0.32772407082745036,
   "6 3 s": 0.3059582763895573,
   "6 2 s": 0.29027166024099255,
   "6 1 s": 0.2686715139583935,
   "6 0 s": 0.26561401525527684,
   "5 4 s": 0.3250545240745658,
   "5 3 s": 0.3071104708286144,
   "5 2 s": 0.29002998869178315,
   "5 1 s": 0.27008057399849666,
   "5 0 s": 0.24934175855340998,
   "4 3 s": 0.3094700963486767,
   "4 2 s": 0.29314306180592764,
   "4 1 s": 0.27503095029439895,
   "4 0 s": 0.2531572516851575,
   "3 2 s": 0.29502585320340685,
   "3 1 s": 0.27953885987125693,
   "3 0 s": 0.2606042154130332,
   "2 1 s": 0.27044503944551396,
   "2 0 s": 0.25201934414566757,
   "1 0 s": 0.24324242404224838,
   "12 11 o": 0.4919513548058216,
   "12 10 o": 0.4772382682788616,
   "12 9 o": 0.46539760953573456,
   "12 8 o": 0.45327777462692215,
   "12 7 o": 0.4258983977107807,
   "12 6 o": 0.41534149910527884,
   "12 5 o": 0.4037052229632381,
   "12 4 o": 0.3914913275078142,
   "12 3 o": 0.39412932973348,
   "12 2 o": 0.38500876304590553,
   "12 1 o": 0.3740097229250808,
   "12 0 o": 0.36516425790581014,
   "11 10 o": 0.4523330437857469,
   "11 9 o": 0.4398288294212458,
   "11 8 o": 0.42823520948409194,
   "11 7 o": 0.40157351738741465,
   "11 6 o": 0.3791520482824764,
   "11 5 o": 0.3695602672582703,
   "11 4 o": 0.3588860801993188,
   "11 3 o": 0.3505914581179106,
   "11 2 o": 0.34061268166392417,
   "11 1 o": 0.3316561190731865,
   "11 0 o": 0.3221819642439446,
   "10 9 o": 0.4227205094850665,
   "10 8 o": 0.4089328251883711,
   "10 7 o": 0.3837128054817424,
   "10 6 o": 0.3623079709736327,
   "10 5 o": 0.3395167582925318,
   "10 4 o": 0.33224053103978335,
   "10 3 o": 0.3224545309211481,
   "10 2 o": 0.31313542378353215,
   "10 1 o": 0.30486530298236303,
   "10 0 o": 0.29441199909274574,
   "9 8 o": 0.39818791494234357,
   "9 7 o": 0.3727361784490453,
   "9 6 o": 0.34932397070199395,
   "9 5 o": 0.3291395923834291,
   "9 4 o": 0.30703202312774763,
   "9 3 o": 0.2997883048076831,
   "9 2 o": 0.2911037160531898,
   "9 1 o": 0.28158535626597275,
   "9 0 o": 0.2720009825489118,
   "8 7 o": 0.3632888964837138,
   "8 6 o": 0.34223399433186846,
   "8 5 o": 0.3197626894417194,
   "8 4 o": 0.2987842244500218,
   "8 3 o": 0.27855607962454426,
   "8 2 o": 0.2713774703328425,
   "8 1 o": 0.26451882103458796,
   "8 0 o": 0.255622696406475,
   "7 6 o": 0.3346685889202659,
   "7 5 o": 0.31377048812061975,
   "7 4 o": 0.293279261573652,
   "7 3 o": 0.27294717748200115,
   "7 2 o": 0.2525858239859508,
   "7 1 o": 0.24677671194837691,
   "7 0 o": 0.23930002222407606,
   "6 5 o": 0.31137683123453436,
   "6 4 o": 0.2911864454821468,
   "6 3 o": 0.27174096278307497,
   "6 2 o": 0.2505110179922434,
   "6 1 o": 0.23056163473253996,
   "6 0 o": 0.22481922642765093,
   "5 4 o": 0.2904003789783088,
   "5 3 o": 0.2713161099596482,
   "5 2 o": 0.251612397966442,
   "5 1 o": 0.23123294544477038,
   "5 0 o": 0.21088469570995896,
   "4 3 o": 0.27322155525587716,
   "4 2 o": 0.2533982337529286,
   "4 1 o": 0.23489283381936857,
   "4 0 o": 0.21453920834754056,
   "3 2 o": 0.25980662431794505,
   "3 1 o": 0.23980214549911014,
   "3 0 o": 0.2213293830573003,
   "2 1 o": 0.23182433350282852,
   "2 0 o": 0.21232097632627142,
   "1 0 o": 0.20368950619748447
}