{
   "0 0": 0.49425527542328673,
   "1 1": 0.5407315434343997,
   "2 2": 0.5747649749131262,
   "3 3": 0.6026451133553934,
   "4 4": 0.6440173483228754,
   "5 5": 0.6639190913646894,
   "6 6": 0.6913446094314275,
   "7 7": 0.7179561352632281,
   "8 8": 0.7515314770340936,
   "9 9": 0.7625748194652217,
   "10 10": 0.7966547043111517,
   "11 11": 0.821114703224064,
   "12 12": 0.8450314407467299,
   "12 11 s": 0.6657518588506113,
   "12 10 s": 0.6605050985940141,
   "12 9 s": 0.6519022640383849,
   "12 8 s": 0.6342142731944269,
   "12 7 s": 0.6395681301419178,
   "12 6 s": 0.6076788985419012,
   "12 5 s": 0.603208551678538,
   "12 4 s": 0.5903349589374056,
   "12 3 s": 0.6031096510199692,
   "12 2 s": 0.6003431192671548,
   "12 1 s": 0.5961597914773289,
   "12 0 s": 0.5605820873685075,
   "11 10 s": 0.6377278030586987,
   "11 9 s": 0.6417814501653821,
   "11 8 s": 0.6154408008339557,
   "11 7 s": 0.5933444186126302,
   "11 6 s": 0.5755770852472464,
   "11 5 s": 0.5846702475628033,
   "11 4 s": 0.5696365627676476,
   "11 3 s": 0.560257487319389,
   "11 2 s": 0.5529985832207625,
   "11 1 s": 0.5351319167903394,
   "11 0 s": 0.5352850268357875,
   "10 9 s": 0.5931118339182991,
   "10 8 s": 0.5485129179547681,
   "10 7 s": 0.570943053686443,
   "10 6 s": 0.5530262742844837,
   "10 5 s": 0.5441118200728209,
   "10 4 s": 0.5151922735733874,
   "10 3 s": 0.5397244455550197,
   "10 2 s": 0.5201370563183336,
   "10 1 s": 0.5059072268934869,
   "10 0 s": 0.4793098658288959,
   "9 8 s": 0.5631176168711569,
   "9 7 s": 0.5654336422647023,
   "9 6 s": 0.5288200012639181,
   "9 5 s": 0.5203341816139834,
   "9 4 s": 0.5074659285334188,
   "9 3 s": 0.49794989107317256,
   "9 2 s": 0.49509244285874887,
   "9 1 s": 0.46897724765671006,
   "9 0 s": 0.4675793857767508,
   "8 7 s": 0.5351863400526758,
   "8 6 s": 0.5297728714995414,
   "8 5 s": 0.5049656573135923,
   "8 4 s": 0.4876311285665548,
   "8 3 s": 0.4721080062421971,
   "8 2 s": 0.45226003056376707,
   "8 1 s": 0.453044150465427,
   "8 0 s": 0.4621527391039829,
   "7 6 s": 0.5036562888916882,
   "7 5 s": 0.49160956672303935,
   "7 4 s": 0.4704184243650808,
   "7 3 s": 0.4572287757069399,
   "7 2 s": 0.4370154572121638,
   "7 1 s": 0.4310181458705318,
   "7 0 s": 0.4201260080611709,
   "6 5 s": 0.47451572284314336,
   "6 4 s": 0.4635610491761857,
   "6 3 s": 0.44153013204960334,
   "6 2 s": 0.4174014038933741,
   "6 1 s": 0.4031129348830004,
   "6 0 s": 0.40390887826519883,
   "5 4 s": 0.44905399412952257,
   "5 3 s": 0.4220637600023963,
   "5 2 s": 0.41669840230413374,
   "5 1 s": 0.38857697687077397,
   "5 0 s": 0.37608054196710844,
   "4 3 s": 0.4357763447424386,
   "4 2 s": 0.42025331115926323,
   "4 1 s": 0.40797075832157614,
   "4 0 s": 0.3783646442897263,
   "3 2 s": 0.42058223985237775,
   "3 1 s": 0.39546186388430754,
   "3 0 s": 0.3725412366985889,
   "2 1 s": 0.40140441581099917,
   "2 0 s": 0.37933577105434163,
   "1 0 s": 0.359106032166571,
   "12 11 o": 0.6551404943296001,
   "12 10 o": 0.6465389931036116,
   "12 9 o": 0.633667619580862,
   "12 8 o": 0.6224192397812832,
   "12 7 o": 0.599934097659773,
   "12 6 o": 0.6013437206331794,
   "12 5 o": 0.5947508405009119,
   "12 4 o": 0.5851118696375941,
   "12 3 o": 0.5791681328315822,
   "12 2 o": 0.5701137177847277,
   "12 1 o": 0.5566228135005918,
   "12 0 o": 0.5538152601879099,
   "11 10 o": 0.6064096140765834,
   "11 9 o": 0.607748619639288,
   "11 8 o": 0.6095230448878411,
   "11 7 o": 0.5751235324141679,
   "11 6 o": 0.5531378211446231,
   "11 5 o": 0.5567599875179614,
   "11 4 o": 0.5344455567841233,
   "11 3 o": 0.5323715185528172,
   "11 2 o": 0.5214293972402277,
   "11 1 o": 0.5143338678786082,
   "11 0 o": 0.5006824674462692,
   "10 9 o": 0.5792039445747299,
   "10 8 o": 0.5774768567422158,
   "10 7 o": 0.5553525263066997,
   "10 6 o": 0.5336530889639478,
   "10 5 o": 0.5149566473760857,
   "10 4 o": 0.5093987971954668,
   "10 3 o": 0.5074702186357646,
   "10 2 o": 0.4949311055109744,
   "10 1 o": 0.475184555536253,
   "10 0 o": 0.47698307250214694,
   "9 8 o": 0.5489756426985489,
   "9 7 o": 0.5194646759990943,
   "9 6 o": 0.5108508387243372,
   "9 5 o": 0.5010127601559494,
   "9 4 o": 0.4827301161121245,
   "9 3 o": 0.4781654084054347,
   "9 2 o": 0.46474216401549606,
   "9 1 o": 0.45520259299263804,
   "9 0 o": 0.44871720540776283,
   "8 7 o": 0.5189992117979066,
   "8 6 o": 0.5005863758724252,
   "8 5 o": 0.4854593054593403,
   "8 4 o": 0.4699749712215218,
   "8 3 o": 0.4424090921456536,
   "8 2 o": 0.44052383771141,
   "8 1 o": 0.4309634808639197,
   "8 0 o": 0.41933349335776643,
   "7 6 o": 0.4773957525417179,
   "7 5 o": 0.4535855231808774,
   "7 4 o": 0.4430183803246383,
   "7 3 o": 0.4217186401008665,
   "7 2 o": 0.39094918117347793,
   "7 1 o": 0.4007884508178308,
   "7 0 o": 0.39331669537755226,
   "6 5 o": 0.4442353774267418,
   "6 4 o": 0.43100305249865384,
   "6 3 o": 0.41099310080404733,
   "6 2 o": 0.3924796797938464,
   "6 1 o": 0.3811152871071706,
   "6 0 o": 0.3577338714076744,
   "5 4 o": 0.41511278730781004,
   "5 3 o": 0.4069988454818861,
   "5 2 o": 0.37795370921866783,
   "5 1 o": 0.36235633989278404,
   "5 0 o": 0.3412601415447451,
   "4 3 o": 0.4034200850003486,
   "4 2 o": 0.38016914269601615,
   "4 1 o": 0.35368762478862287,
   "4 0 o": 0.3349539678673934,
   "3 2 o": 0.3845765383299571,
   "3 1 o": 0.35145275216502286,
   "3 0 o": 0.34312539624390875,
   "2 1 o": 0.3502430478536251,
   "2 0 o": 0.33166787181623136,
   "1 0 o": 0.32491940003341024
}