{
   "0 0": 0.31735375071346744,
   "1 1": 0.3487762397341368,
   "2 2": 0.3743916518463453,
   "3 3": 0.41652685061201006,
   "4 4": 0.44365108990427066,
   "5 5": 0.47401309839075273,
   "6 6": 0.5107503260787298,
   "7 7": 0.5442120738390622,
   "8 8": 0.5896401760084864,
   "9 9": 0.6247906657535365,
   "10 10": 0.6585125827902408,
   "11 11": 0.7000239711444283,
   "12 12": 0.7434642019100971,
   "12 11 s": 0.5133118434507791,
   "12 10 s": 0.5025880518434448,
   "12 9 s": 0.49063164334945164,
   "12 8 s": 0.4799183228792325,
   "12 7 s": 0.45234392902015397,
   "12 6 s": 0.45076038419537723,
   "12 5 s": 0.4340041177274596,
   "12 4 s": 0.4225295735806553,
   "12 3 s": 0.4238208799155922,
   "12 2 s": 0.4096153704119072,
   "12 1 s": 0.41436002737942007,
   "12 0 s": 0.39570268702133515,
   "11 10 s": 0.4858072915042258,
   "11 9 s": 0.47527479822887264,
   "11 8 s": 0.4622396865227293,
   "11 7 s": 0.4291550724402301,
   "11 6 s": 0.40652604360028244,
   "11 5 s": 0.40560441730661023,
   "11 4 s": 0.3942779602310063,
   "11 3 s": 0.3823949637662295,
   "11 2 s": 0.37144169230688057,
   "11 1 s": 0.36021889812796115,
   "11 0 s": 0.35976708135938906,
   "10 9 s": 0.44797459049773825,
   "10 8 s": 0.43634033635831415,
   "10 7 s": 0.41741264142903056,
   "10 6 s": 0.39535439506376874,
   "10 5 s": 0.3698635975610527,
   "10 4 s": 0.3674209021779989,
   "10 3 s": 0.35601687316432046,
   "10 2 s": 0.3450502137713846,
   "10 1 s": 0.33619847220978283,
   "10 0 s": 0.3336747972384798,
   "9 8 s": 0.4266266415994741,
   "9 7 s": 0.40153882202819613,
   "9 6 s": 0.3811995565568376,
   "9 5 s": 0.3613219708103922,
   "9 4 s": 0.3394211376885533,
   "9 3 s": 0.3373845314349133,
   "9 2 s": 0.32411631179702916,
   "9 1 s": 0.32594746341571224,
   "9 0 s": 0.307853139637042,
   "8 7 s": 0.3899294845368958,
   "8 6 s": 0.37298404851396094,
   "8 5 s": 0.35416737247868413,
   "8 4 s": 0.33741355123167527,
   "8 3 s": 0.3133437190602891,
   "8 2 s": 0.30691441393693375,
   "8 1 s": 0.3039920197994649,
   "8 0 s": 0.28523871004405316,
   "7 6 s": 0.368435889734631,
   "7 5 s": 0.34317218583842096,
   "7 4 s": 0.3325489314998493,
   "7 3 s": 0.3094041960419195,
   "7 2 s": 0.28335455260071307,
   "7 1 s": 0.2918435318497247,
   "7 0 s": 0.2681290053865758,
   "6 5 s": 0.34666299563180253,
   "6 4 s": 0.32208502638543385,
   "6 3 s": 0.3017102158672998,
   "6 2 s": 0.2934776543914883,
   "6 1 s": 0.2645054779151592,
   "6 0 s": 0.26712690199000766,
   "5 4 s": 0.3266787813693495,
   "5 3 s": 0.3128786570010869,
   "5 2 s": 0.29446771334285604,
   "5 1 s": 0.26375971097881956,
   "5 0 s": 0.25174677488418123,
   "4 3 s": 0.31022120235981354,
   "4 2 s": 0.28893408023055867,
   "4 1 s": 0.2659085882387241,
   "4 0 s": 0.25695421567078053,
   "3 2 s": 0.2999416763090994,
   "3 1 s": 0.2793551323711086,
   "3 0 s": 0.25598903092278846,
   "2 1 s": 0.26766122952816784,
   "2 0 s": 0.2520480841707917,
   "1 0 s": 0.24326361491594908,
   "12 11 o": 0.5180965995084753,
   "12 10 o": 0.5105084872838739,
   "12 9 o": 0.5014961262418572,
   "12 8 o": 0.4983591955513956,
   "12 7 o": 0.4823200676125084,
   "12 6 o": 0.47045850215859747,
   "12 5 o": 0.4681196583002562,
   "12 4 o": 0.45988764168959656,
   "12 3 o": 0.46205832613205605,
   "12 2 o": 0.4526771688452405,
   "12 1 o": 0.44445853249940187,
   "12 0 o": 0.43993262873431466,
   "11 10 o": 0.47507543015479053,
   "11 9 o": 0.466817337280566,
   "11 8 o": 0.4574700651033044,
   "11 7 o": 0.4414446427762731,
   "11 6 o": 0.42120019364724665,
   "11 5 o": 0.41938754462352423,
   "11 4 o": 0.4082146338130472,
   "11 3 o": 0.4042825233287047,
   "11 2 o": 0.4031632361059203,
   "11 1 o": 0.39502035466596347,
   "11 0 o": 0.38061134993871054,
   "10 9 o": 0.4401285682411214,
   "10 8 o": 0.43174547921765355,
   "10 7 o": 0.4116085959487307,
   "10 6 o": 0.39929784731852314,
   "10 5 o": 0.37395322407849757,
   "10 4 o": 0.3762578638018439,
   "10 3 o": 0.37396924210965227,
   "10 2 o": 0.3628322033579905,
   "10 1 o": 0.35538640300134045,
   "10 0 o": 0.3469677179790904,
   "9 8 o": 0.4157419157906243,
   "9 7 o": 0.3946853500002064,
   "9 6 o": 0.38152959033561423,
   "9 5 o": 0.3575476099084213,
   "9 4 o": 0.3407752202300461,
   "9 3 o": 0.3401714790404276,
   "9 2 o": 0.33141589970074364,
   "9 1 o": 0.32791435976923144,
   "9 0 o": 0.32003127449262353,
   "8 7 o": 0.38421833438280945,
   "8 6 o": 0.3688958437129999,
   "8 5 o": 0.34933295132414927,
   "8 4 o": 0.3319182392724058,
   "8 3 o": 0.31246964744772804,
   "8 2 o": 0.31076958135594257,
   "8 1 o": 0.3068186077626258,
   "8 0 o": 0.29919659524745984,
   "7 6 o": 0.3544069613584731,
   "7 5 o": 0.33983612830408544,
   "7 4 o": 0.3210718756463882,
   "7 3 o": 0.3049408211604381,
   "7 2 o": 0.2849524160404399,
   "7 1 o": 0.2841233891250851,
   "7 0 o": 0.2759065349444714,
   "6 5 o": 0.3374933054806772,
   "6 4 o": 0.32060916682561075,
   "6 3 o": 0.2993541724823882,
   "6 2 o": 0.2810995793790006,
   "6 1 o": 0.26468062593824543,
   "6 0 o": 0.26469528456940067,
   "5 4 o": 0.3199883791424499,
   "5 3 o": 0.2997905049507165,
   "5 2 o": 0.28434224685498494,
   "5 1 o": 0.26052517316063745,
   "5 0 o": 0.24716543982676817,
   "4 3 o": 0.30160161763037163,
   "4 2 o": 0.28432719796728206,
   "4 1 o": 0.2666803163690232,
   "4 0 o": 0.2482569648532272,
   "3 2 o": 0.28991790294557607,
   "3 1 o": 0.2761891401564116,
   "3 0 o": 0.25394982571864616,
   "2 1 o": 0.26517657285676166,
   "2 0 o": 0.2463075525838562,
   "1 0 o": 0.2380268588373463
}